word,sample_stratum
dom,common
kot,common
pies,common
las,common
woda,common
chleb,common
szkoła,common
praca,common
droga,common
miasto,common
wieś,common
morze,common
rzeka,common
góra,common
pole,common
ogród,common
kwiat,common
drzewo,common
liść,common
ptak,common
ryba,common
koń,common
krowa,common
mysz,common
ser,common
mleko,common
jajko,common
zupa,common
ryż,common
mak,common
sól,common
cukier,common
kawa,common
herbata,common
sok,common
wino,common
miód,common
jabłko,common
gruszka,common
śliwka,common
noc,common
dzień,common
rano,common
wieczór,common
czas,common
rok,common
miesiąc,common
tydzień,common
godzina,common
minuta,common
chwila,common
życie,common
śmierć,common
sen,common
rodzina,common
matka,common
ojciec,common
brat,common
siostra,common
dziecko,common
syn,common
córka,common
babcia,common
dziadek,common
kolega,common
gość,common
pan,common
pani,common
serce,common
głowa,common
ręka,common
noga,common
oko,common
ucho,common
nos,common
usta,common
ząb,common
głos,common
słowo,common
list,common
książka,common
film,common
gra,common
muzyka,common
radio,common
telefon,common
ekran,common
auto,common
pociąg,common
rower,common
statek,common
samolot,common
sklep,common
rynek,common
bank,common
park,common
pokój,common
kuchnia,common
stół,common
krzesło,common
łóżko,common
drzwi,common
okno,common
klucz,common
torba,common
but,common
kurtka,common
koszula,common
spodnie,common
czapka,common
piłka,common
mecz,common
bieg,common
spacer,common
taniec,common
dobry,common
zły,common
mały,common
duży,common
nowy,common
waść,obscure_or_legacy
imć,obscure_or_legacy
alkierz,obscure_or_legacy
żupan,obscure_or_legacy
kontusz,obscure_or_legacy
fryc,obscure_or_legacy
bław,obscure_or_legacy
wasal,obscure_or_legacy
ceber,obscure_or_legacy
kierz,obscure_or_legacy
łan,obscure_or_legacy
mendel,obscure_or_legacy
pacht,obscure_or_legacy
rajtuz,obscure_or_legacy
sakwa,obscure_or_legacy
szeląg,obscure_or_legacy
trzos,obscure_or_legacy
żerdź,obscure_or_legacy
żłób,obscure_or_legacy
miedza,obscure_or_legacy
runo,obscure_or_legacy
rżysko,obscure_or_legacy
siodło,obscure_or_legacy
cep,obscure_or_legacy
żarna,obscure_or_legacy
gont,obscure_or_legacy
kagan,obscure_or_legacy
kram,obscure_or_legacy
młaka,obscure_or_legacy
perć,obscure_or_legacy
smrek,obscure_or_legacy
turnia,obscure_or_legacy
kurna,obscure_or_legacy
fajka,obscure_or_legacy
dryblas,obscure_or_legacy
baba,obscure_or_legacy
chwat,obscure_or_legacy
hultaj,obscure_or_legacy
wałkoń,obscure_or_legacy
zuch,obscure_or_legacy
dupa,sensitive_or_ambiguous
seks,sensitive_or_ambiguous
porno,sensitive_or_ambiguous
nagość,sensitive_or_ambiguous
gwałt,sensitive_or_ambiguous
krew,sensitive_or_ambiguous
trup,sensitive_or_ambiguous
zwłoki,sensitive_or_ambiguous
zgon,sensitive_or_ambiguous
mord,sensitive_or_ambiguous
zabić,sensitive_or_ambiguous
ranić,sensitive_or_ambiguous
nóż,sensitive_or_ambiguous
broń,sensitive_or_ambiguous
bomba,sensitive_or_ambiguous
wojna,sensitive_or_ambiguous
terror,sensitive_or_ambiguous
żyletka,sensitive_or_ambiguous
kurwa,sensitive_or_ambiguous
chuj,sensitive_or_ambiguous
gówno,sensitive_or_ambiguous
pizda,sensitive_or_ambiguous
cipka,sensitive_or_ambiguous
fiut,sensitive_or_ambiguous
suka,sensitive_or_ambiguous
dziwka,sensitive_or_ambiguous
burdel,sensitive_or_ambiguous
erotyka,sensitive_or_ambiguous
orgazm,sensitive_or_ambiguous
wódka,sensitive_or_ambiguous
piwo,sensitive_or_ambiguous
ćpun,sensitive_or_ambiguous
dragi,sensitive_or_ambiguous
joint,sensitive_or_ambiguous
koks,sensitive_or_ambiguous
hasz,sensitive_or_ambiguous
marycha,sensitive_or_ambiguous
hazard,sensitive_or_ambiguous
kasyno,sensitive_or_ambiguous
poker,sensitive_or_ambiguous
