word,tier,reason,date,by
ABO,bonus_ok,rare_archaic_or_regional_standalone_form,2026-10-09,codex
ACZ,bonus_ok,specialist_or_unfamiliar_standalone_form_for_opening_campaign,2026-10-09,codex
AGA,bonus_ok,specialist_or_unfamiliar_standalone_form_for_opening_campaign,2026-10-09,codex
AKR,bonus_ok,specialist_or_unfamiliar_standalone_form_for_opening_campaign,2026-10-09,codex
ANO,bonus_ok,rare_archaic_or_regional_standalone_form,2026-10-09,codex
ATA,bonus_ok,specialist_or_unfamiliar_standalone_form_for_opening_campaign,2026-10-09,codex
BAJ,bonus_ok,specialist_or_unfamiliar_standalone_form_for_opening_campaign,2026-10-09,codex
BAM,bonus_ok,specialist_or_unfamiliar_standalone_form_for_opening_campaign,2026-10-09,codex
BEL,bonus_ok,specialist_or_unfamiliar_standalone_form_for_opening_campaign,2026-10-09,codex
BEN,banned,foreign_name_fragment; no ordinary standalone form evidence,2026-10-09,codex
BIG,bonus_ok,rare_inflection_of_biga; corpus_ARF_ambiguous_with_foreign_big,2026-10-09,codex
BIL,bonus_ok,specialist_or_unfamiliar_standalone_form_for_opening_campaign,2026-10-09,codex
BIM,bonus_ok,specialist_or_unfamiliar_standalone_form_for_opening_campaign,2026-10-09,codex
BIN,banned,foreign_name_fragment; no ordinary standalone form evidence,2026-10-09,codex
BOR,bonus_ok,specialist_or_unfamiliar_standalone_form_for_opening_campaign,2026-10-09,codex
BOY,bonus_ok,specialist_or_unfamiliar_standalone_form_for_opening_campaign,2026-10-09,codex
BOĆ,bonus_ok,rare_archaic_or_regional_standalone_form,2026-10-09,codex
BRR,bonus_ok,unfamiliar_interjection_variant_for_opening_campaign,2026-10-09,codex
BUC,banned,derogatory_person_label; source pogard./pot. evidence,2026-10-09,codex
CAP,bonus_ok,specialist_or_unfamiliar_standalone_form_for_opening_campaign,2026-10-09,codex
CES,bonus_ok,specialist_or_unfamiliar_standalone_form_for_opening_campaign,2026-10-09,codex
CEZ,bonus_ok,specialist_or_unfamiliar_standalone_form_for_opening_campaign,2026-10-09,codex
CHA,bonus_ok,unfamiliar_interjection_variant_for_opening_campaign,2026-10-09,codex
CHE,bonus_ok,unfamiliar_interjection_variant_for_opening_campaign,2026-10-09,codex
CHI,bonus_ok,specialist_or_unfamiliar_standalone_form_for_opening_campaign,2026-10-09,codex
CHU,bonus_ok,unfamiliar_interjection_variant_for_opening_campaign,2026-10-09,codex
CIE,bonus_ok,rare_archaic_or_regional_standalone_form,2026-10-09,codex
CII,banned,Roman_numeral_102; only_romandig_analysis_not_a_word,2026-10-09,codex
CNA,bonus_ok,rare_archaic_or_regional_standalone_form,2026-10-09,codex
CUG,bonus_ok,specialist_or_unfamiliar_standalone_form_for_opening_campaign,2026-10-09,codex
CUP,bonus_ok,unfamiliar_interjection_variant_for_opening_campaign,2026-10-09,codex
CYT,bonus_ok,unfamiliar_interjection_variant_for_opening_campaign,2026-10-09,codex
DAB,bonus_ok,specialist_or_unfamiliar_standalone_form_for_opening_campaign,2026-10-09,codex
DEJ,bonus_ok,rare_archaic_or_regional_standalone_form,2026-10-09,codex
DER,bonus_ok,rare_inflection_of_horse_blanket_dera; corpus_ARF_ambiguous_with_foreign_der,2026-10-09,codex
DES,bonus_ok,specialist_or_unfamiliar_standalone_form_for_opening_campaign,2026-10-09,codex
DIS,bonus_ok,specialist_or_unfamiliar_standalone_form_for_opening_campaign,2026-10-09,codex
DOL,bonus_ok,unfamiliar_plural_of_abstract_dola; avoid_as_standalone_opening_answer,2026-10-09,codex
DON,banned,foreign_name_fragment; no ordinary standalone form evidence,2026-10-09,codex
DUR,bonus_ok,specialist_or_unfamiliar_standalone_form_for_opening_campaign,2026-10-09,codex
DYL,bonus_ok,specialist_or_unfamiliar_standalone_form_for_opening_campaign,2026-10-09,codex
END,bonus_ok,specialist_or_unfamiliar_standalone_form_for_opening_campaign,2026-10-09,codex
ETA,bonus_ok,specialist_or_unfamiliar_standalone_form_for_opening_campaign,2026-10-09,codex
FAS,bonus_ok,specialist_or_unfamiliar_standalone_form_for_opening_campaign,2026-10-09,codex
GAF,bonus_ok,specialist_or_unfamiliar_standalone_form_for_opening_campaign,2026-10-09,codex
GAG,bonus_ok,specialist_or_unfamiliar_standalone_form_for_opening_campaign,2026-10-09,codex
GAL,bonus_ok,specialist_or_unfamiliar_standalone_form_for_opening_campaign,2026-10-09,codex
GAP,bonus_ok,specialist_or_unfamiliar_standalone_form_for_opening_campaign,2026-10-09,codex
GAR,bonus_ok,specialist_or_unfamiliar_standalone_form_for_opening_campaign,2026-10-09,codex
GAĆ,bonus_ok,specialist_or_unfamiliar_standalone_form_for_opening_campaign,2026-10-09,codex
HAJ,bonus_ok,specialist_or_unfamiliar_standalone_form_for_opening_campaign,2026-10-09,codex
HOC,bonus_ok,specialist_or_unfamiliar_standalone_form_for_opening_campaign,2026-10-09,codex
HYC,bonus_ok,unfamiliar_interjection_variant_for_opening_campaign,2026-10-09,codex
IBN,banned,foreign_name_fragment; no ordinary standalone form evidence,2026-10-09,codex
IDY,bonus_ok,specialist_or_unfamiliar_standalone_form_for_opening_campaign,2026-10-09,codex
IWA,bonus_ok,specialist_or_unfamiliar_standalone_form_for_opening_campaign,2026-10-09,codex
JAM,bonus_ok,specialist_or_unfamiliar_standalone_form_for_opening_campaign,2026-10-09,codex
JAZ,bonus_ok,specialist_or_unfamiliar_standalone_form_for_opening_campaign,2026-10-09,codex
JAŚ,bonus_ok,specialist_or_unfamiliar_standalone_form_for_opening_campaign,2026-10-09,codex
JAŹ,bonus_ok,specialist_or_unfamiliar_standalone_form_for_opening_campaign,2026-10-09,codex
KAP,bonus_ok,specialist_or_unfamiliar_standalone_form_for_opening_campaign,2026-10-09,codex
KAŁ,bonus_ok,valid_body_term; bonus_only_in_opening_campaign,2026-10-09,codex
LAK,bonus_ok,specialist_or_unfamiliar_standalone_form_for_opening_campaign,2026-10-09,codex
LEC,bonus_ok,specialist_or_unfamiliar_standalone_form_for_opening_campaign,2026-10-09,codex
MAI,bonus_ok,specialist_philosophical_religious_maja_inflection; named_corpus_overlap,2026-10-09,codex
MAN,bonus_ok,niche_inflection_of_mana_or_historical_man; avoid_as_standalone_answer,2026-10-09,codex
MAĆ,bonus_ok,rare_archaic_or_regional_standalone_form,2026-10-09,codex
MAŹ,bonus_ok,specialist_or_unfamiliar_standalone_form_for_opening_campaign,2026-10-09,codex
MOD,bonus_ok,specialist_or_unfamiliar_standalone_form_for_opening_campaign,2026-10-09,codex
NAĆ,bonus_ok,specialist_or_unfamiliar_standalone_form_for_opening_campaign,2026-10-09,codex
OBI,bonus_ok,specialist_or_unfamiliar_standalone_form_for_opening_campaign,2026-10-09,codex
ODE,bonus_ok,context_bound_variant_used_in_ode_mnie; not_an_independent_opening_answer,2026-10-09,codex
OWA,bonus_ok,specialist_or_unfamiliar_standalone_form_for_opening_campaign,2026-10-09,codex
PAC,bonus_ok,specialist_or_unfamiliar_standalone_form_for_opening_campaign,2026-10-09,codex
PAK,bonus_ok,specialist_or_unfamiliar_standalone_form_for_opening_campaign,2026-10-09,codex
PAP,bonus_ok,unfamiliar_plural_of_roofing_papa; corpus_ARF_ambiguous_with_PAP_acronym,2026-10-09,codex
PAT,bonus_ok,specialist_or_unfamiliar_standalone_form_for_opening_campaign,2026-10-09,codex
PAŁ,bonus_ok,specialist_or_unfamiliar_standalone_form_for_opening_campaign,2026-10-09,codex
PAŹ,bonus_ok,specialist_or_unfamiliar_standalone_form_for_opening_campaign,2026-10-09,codex
RED,bonus_ok,specialist_maritime_reda_inflection; corpus_ARF_ambiguous_with_foreign_red,2026-10-09,codex
ROD,bonus_ok,specialist_or_unfamiliar_standalone_form_for_opening_campaign,2026-10-09,codex
SAK,bonus_ok,specialist_or_unfamiliar_standalone_form_for_opening_campaign,2026-10-09,codex
SAP,bonus_ok,specialist_or_unfamiliar_standalone_form_for_opening_campaign,2026-10-09,codex
SAŃ,bonus_ok,specialist_or_unfamiliar_standalone_form_for_opening_campaign,2026-10-09,codex
SKA,bonus_ok,specialist_or_unfamiliar_standalone_form_for_opening_campaign,2026-10-09,codex
SZA,bonus_ok,specialist_or_unfamiliar_standalone_form_for_opening_campaign,2026-10-09,codex
TAB,bonus_ok,specialist_or_unfamiliar_standalone_form_for_opening_campaign,2026-10-09,codex
TAL,bonus_ok,specialist_or_unfamiliar_standalone_form_for_opening_campaign,2026-10-09,codex
TAN,bonus_ok,specialist_or_unfamiliar_standalone_form_for_opening_campaign,2026-10-09,codex
TAO,bonus_ok,specialist_or_unfamiliar_standalone_form_for_opening_campaign,2026-10-09,codex
TAU,bonus_ok,specialist_or_unfamiliar_standalone_form_for_opening_campaign,2026-10-09,codex
TRA,bonus_ok,specialist_or_unfamiliar_standalone_form_for_opening_campaign,2026-10-09,codex
UCH,bonus_ok,unfamiliar_interjection_variant_for_opening_campaign,2026-10-09,codex
WAL,bonus_ok,specialist_or_unfamiliar_standalone_form_for_opening_campaign,2026-10-09,codex
WAN,bonus_ok,specialist_or_unfamiliar_standalone_form_for_opening_campaign,2026-10-09,codex
WAR,bonus_ok,specialist_or_unfamiliar_standalone_form_for_opening_campaign,2026-10-09,codex
WAT,bonus_ok,specialist_or_unfamiliar_standalone_form_for_opening_campaign,2026-10-09,codex
WEB,bonus_ok,specialist_or_unfamiliar_standalone_form_for_opening_campaign,2026-10-09,codex
WID,bonus_ok,specialist_or_unfamiliar_standalone_form_for_opening_campaign,2026-10-09,codex
ZAD,bonus_ok,valid_body_term; bonus_only_in_opening_campaign,2026-10-09,codex
ŁAM,bonus_ok,specialist_or_unfamiliar_standalone_form_for_opening_campaign,2026-10-09,codex
ŁAT,bonus_ok,specialist_or_unfamiliar_standalone_form_for_opening_campaign,2026-10-09,codex
ŁAŁ,bonus_ok,rare_archaic_or_regional_standalone_form,2026-10-09,codex
